filename,label
audio_128.wav,3.3105178
audio_156.wav,4.0709705
audio_19.wav,4.663678
audio_108.wav,2.3550515
audio_206.wav,2.2225504
audio_161.wav,2.502181
audio_215.wav,3.1698895
audio_213.wav,2.5051873
audio_11.wav,3.6395044
audio_155.wav,3.0482292
audio_39.wav,2.8727632
audio_168.wav,2.5781083
audio_133.wav,1.9114735
audio_28.wav,2.2614732
audio_40.wav,2.592917
audio_181.wav,2.557413
audio_201.wav,2.8708425
audio_182.wav,4.21793
audio_126.wav,2.5538914
audio_10.wav,2.0019364
audio_134.wav,2.3474495
audio_69.wav,4.5194254
audio_112.wav,4.5212083
audio_180.wav,1.6942326
audio_177.wav,2.8990855
audio_77.wav,4.8888874
audio_111.wav,2.837623
audio_18.wav,3.4971988
audio_175.wav,4.818374
audio_33.wav,2.7805028
audio_15.wav,2.5140543
audio_4.wav,3.3640165
audio_27.wav,2.9893553
audio_96.wav,4.452383
audio_116.wav,2.3162181
audio_1.wav,2.6187313
audio_22.wav,3.568012
audio_114.wav,2.5809376
audio_146.wav,1.8531189
audio_46.wav,4.6596236
audio_144.wav,2.5663753
audio_75.wav,4.96315
audio_200.wav,3.0324535
audio_196.wav,1.6203779
audio_190.wav,3.0869043
audio_158.wav,3.4779513
audio_17.wav,1.9198877
audio_105.wav,4.6011066
audio_141.wav,3.388174
audio_129.wav,3.489915
audio_6.wav,4.527054
audio_70.wav,5.4341536
audio_35.wav,3.6914227
audio_203.wav,3.6501117
audio_90.wav,3.4074945
audio_16.wav,3.2569335
audio_138.wav,3.3349648
audio_100.wav,3.068133
audio_115.wav,2.0002847
audio_118.wav,4.7313848
audio_137.wav,3.2041068
audio_101.wav,2.599117
audio_193.wav,2.3209727
audio_102.wav,4.70634
audio_52.wav,2.810709
audio_172.wav,2.6736193
audio_191.wav,3.822409
audio_194.wav,2.8745952
audio_67.wav,3.523146
audio_160.wav,2.5557299
audio_179.wav,2.2947702
audio_55.wav,2.709724
audio_145.wav,3.454634
audio_197.wav,3.9351592
audio_139.wav,3.4262822
audio_91.wav,3.9019554
audio_8.wav,1.9229395
audio_136.wav,4.1410666
audio_199.wav,2.4600396
audio_110.wav,3.884578
audio_208.wav,2.680654
audio_152.wav,5.0716553
audio_94.wav,3.1760535
audio_174.wav,3.5030904
audio_23.wav,4.5032234
audio_56.wav,2.7295852
audio_97.wav,3.8449621
audio_148.wav,3.7728825
audio_59.wav,3.191935
audio_5.wav,1.8584998
audio_119.wav,3.9771986
audio_80.wav,2.4290953
audio_58.wav,2.4235687
audio_123.wav,3.9709558
audio_188.wav,3.6009748
audio_121.wav,2.771909
audio_107.wav,2.0208852
audio_214.wav,3.498343
audio_73.wav,5.012162
audio_169.wav,3.3646433
audio_7.wav,2.7606227
audio_42.wav,4.1946306
audio_88.wav,4.325107
audio_64.wav,2.311223
audio_195.wav,2.492086
audio_57.wav,2.4442754
audio_13.wav,2.9998157
audio_125.wav,4.185935
audio_209.wav,2.8945856
audio_211.wav,2.6982248
audio_63.wav,2.7001762
audio_86.wav,4.547606
audio_78.wav,4.5083776
audio_38.wav,3.6449401
audio_186.wav,2.3537145
audio_154.wav,3.88159
audio_21.wav,2.6988094
audio_120.wav,2.565546
audio_183.wav,3.402355
audio_25.wav,4.0056276
audio_122.wav,2.1253412
audio_36.wav,3.5002553
audio_76.wav,5.096696
audio_163.wav,2.976275
audio_83.wav,4.7856274
audio_103.wav,2.626092
audio_93.wav,3.2795765
audio_26.wav,3.6569576
audio_72.wav,5.1218247
audio_210.wav,2.3386922
audio_104.wav,1.4224992
audio_81.wav,2.7713015
audio_166.wav,2.67596
audio_202.wav,3.4115138
audio_185.wav,3.0209632
audio_9.wav,1.9350241
audio_207.wav,2.0472107
audio_127.wav,3.415551
audio_12.wav,2.521246
audio_132.wav,2.265308
audio_109.wav,2.2785935
audio_32.wav,3.7949054
audio_178.wav,2.8105972
audio_61.wav,2.5667262
audio_34.wav,3.8435564
audio_106.wav,1.6881762
audio_49.wav,4.7599926
audio_149.wav,3.604285
audio_30.wav,4.6889153
audio_131.wav,3.5808518
audio_162.wav,1.8356745
audio_204.wav,3.7078726
audio_198.wav,3.662684
audio_135.wav,4.2370615
audio_187.wav,3.118521
audio_3.wav,1.6634077
audio_98.wav,4.012421
audio_159.wav,2.6072564
audio_167.wav,1.7097989
audio_205.wav,2.5601985
audio_95.wav,4.696469
audio_68.wav,5.208637
audio_31.wav,4.6467338
audio_157.wav,2.5478818
audio_89.wav,3.543264
audio_82.wav,4.9713497
audio_53.wav,2.6717942
audio_37.wav,4.159358
audio_113.wav,2.452229
audio_85.wav,4.92169
audio_173.wav,4.1326613
audio_41.wav,4.3459086
audio_51.wav,2.4391682
audio_143.wav,3.5875158
audio_92.wav,5.2191644
audio_74.wav,5.1605744
audio_0.wav,4.1672535
audio_147.wav,2.7745726
audio_130.wav,2.3835692
audio_192.wav,2.7951255
audio_43.wav,5.6131086
audio_65.wav,2.0125456
audio_14.wav,3.9185066
audio_117.wav,3.6858892
audio_212.wav,2.3872876
audio_79.wav,3.3175416
audio_171.wav,3.122304
audio_60.wav,2.0958004
audio_153.wav,3.13016
audio_176.wav,2.7210207
audio_2.wav,3.5937085
audio_50.wav,4.8274965
audio_29.wav,3.8009129
audio_142.wav,4.9190865
audio_47.wav,4.0945015
audio_84.wav,4.7774577
audio_164.wav,2.2309446
audio_48.wav,4.7062035
audio_189.wav,2.401737
audio_151.wav,4.0265307
audio_66.wav,1.5435668
audio_44.wav,3.1506615
audio_150.wav,3.4320004
audio_87.wav,4.8290663
audio_99.wav,3.7528908
audio_62.wav,3.5540974
audio_20.wav,3.0320864
audio_124.wav,2.6927154
audio_54.wav,2.9889762
audio_45.wav,4.6634355
audio_71.wav,4.6692295
audio_184.wav,2.7497628
audio_24.wav,2.9846969
audio_140.wav,4.0483212
audio_165.wav,1.8882475
audio_170.wav,1.918969
